{
  "trail": {
    "IsolationForest": {
      "auc_roc": {
        "mean": 0.5774305555555556,
        "std": 0.021144949580145907
      },
      "auc_pr": {
        "mean": 0.9820051822981958,
        "std": 0.0019111874816168774
      },
      "recall@5%FPR": {
        "mean": 0.2638888888888889,
        "std": 0.07893484576879345
      },
      "recall@10%FPR": {
        "mean": 0.2638888888888889,
        "std": 0.07893484576879345
      },
      "precision@5%FPR": {
        "mean": 1.0,
        "std": 0.0
      },
      "precision@10%FPR": {
        "mean": 1.0,
        "std": 0.0
      }
    },
    "LSTMAutoencoder": {
      "auc_roc": {
        "mean": 0.6854166666666666,
        "std": 0.011165232771398246
      },
      "auc_pr": {
        "mean": 0.9886761120865277,
        "std": 0.0005519218759045952
      },
      "recall@5%FPR": {
        "mean": 0.45,
        "std": 0.0216951379886296
      },
      "recall@10%FPR": {
        "mean": 0.45,
        "std": 0.0216951379886296
      },
      "precision@5%FPR": {
        "mean": 1.0,
        "std": 0.0
      },
      "precision@10%FPR": {
        "mean": 1.0,
        "std": 0.0
      }
    },
    "DeepClustering": {
      "auc_roc": {
        "mean": 0.896875,
        "std": 0.021080707273139626
      },
      "auc_pr": {
        "mean": 0.9966526660925854,
        "std": 0.0008208791818636185
      },
      "recall@5%FPR": {
        "mean": 0.6763888888888888,
        "std": 0.06063577764706408
      },
      "recall@10%FPR": {
        "mean": 0.6763888888888888,
        "std": 0.06063577764706408
      },
      "precision@5%FPR": {
        "mean": 1.0,
        "std": 0.0
      },
      "precision@10%FPR": {
        "mean": 1.0,
        "std": 0.0
      }
    }
  },
  "trace": {
    "IsolationForest": {
      "auc_roc": {
        "mean": 0.5005035065635678,
        "std": 0.0016195402360631127
      },
      "auc_pr": {
        "mean": 0.5163263155765568,
        "std": 0.001330967010317755
      },
      "recall@5%FPR": {
        "mean": 0.04552238805970149,
        "std": 0.004950186254261791
      },
      "recall@10%FPR": {
        "mean": 0.1164179104477612,
        "std": 0.006419645721673604
      },
      "precision@5%FPR": {
        "mean": 0.5069492246883551,
        "std": 0.0289016844371466
      },
      "precision@10%FPR": {
        "mean": 0.5668958757572942,
        "std": 0.012601105472889514
      }
    },
    "LSTMAutoencoder": {
      "auc_roc": {
        "mean": 0.521159263921357,
        "std": 0.0033367823480975056
      },
      "auc_pr": {
        "mean": 0.5342299891215193,
        "std": 0.004044272320971256
      },
      "recall@5%FPR": {
        "mean": 0.05522388059701493,
        "std": 0.012795841939912124
      },
      "recall@10%FPR": {
        "mean": 0.10522388059701493,
        "std": 0.01937426117275697
      },
      "precision@5%FPR": {
        "mean": 0.5448427779117434,
        "std": 0.05821968911318179
      },
      "precision@10%FPR": {
        "mean": 0.5488316579842003,
        "std": 0.038875949376842085
      }
    },
    "DeepClustering": {
      "auc_roc": {
        "mean": 0.4956962177066475,
        "std": 0.002275941212936465
      },
      "auc_pr": {
        "mean": 0.5165125458552879,
        "std": 0.004713229282471263
      },
      "recall@5%FPR": {
        "mean": 0.04925373134328358,
        "std": 0.011657089068517396
      },
      "recall@10%FPR": {
        "mean": 0.10074626865671643,
        "std": 0.01668707445895366
      },
      "precision@5%FPR": {
        "mean": 0.5340575743874095,
        "std": 0.06241051392405248
      },
      "precision@10%FPR": {
        "mean": 0.5408876378137462,
        "std": 0.038154103740475065
      }
    }
  },
  "cert": {
    "IsolationForest": {
      "auc_roc": {
        "mean": 0.7307754440143702,
        "std": 0.009162307103742164
      },
      "auc_pr": {
        "mean": 0.008206948395843986,
        "std": 0.00020277523641125636
      },
      "recall@5%FPR": {
        "mean": 0.08020527859237536,
        "std": 0.002805150508754982
      },
      "recall@10%FPR": {
        "mean": 0.1932551319648094,
        "std": 0.014045665706543167
      },
      "precision@5%FPR": {
        "mean": 0.006626502833146299,
        "std": 0.00022848047552635558
      },
      "precision@10%FPR": {
        "mean": 0.00796331552165703,
        "std": 0.0005738567738884674
      }
    },
    "LSTMAutoencoder": {
      "auc_roc": {
        "mean": 0.7226654592110797,
        "std": 0.03772584451484972
      },
      "auc_pr": {
        "mean": 0.01217194436885034,
        "std": 0.002646391953494433
      },
      "recall@5%FPR": {
        "mean": 0.14618768328445747,
        "std": 0.023641165838037926
      },
      "recall@10%FPR": {
        "mean": 0.25762463343108505,
        "std": 0.03904425302229098
      },
      "precision@5%FPR": {
        "mean": 0.012009006475382547,
        "std": 0.0019081292575589216
      },
      "precision@10%FPR": {
        "mean": 0.010593462714155571,
        "std": 0.0015945453779705348
      }
    },
    "DeepClustering": {
      "auc_roc": {
        "mean": 0.696530366275642,
        "std": 0.01415868077540331
      },
      "auc_pr": {
        "mean": 0.008355335997565197,
        "std": 0.00021242355353503548
      },
      "recall@5%FPR": {
        "mean": 0.10175953079178886,
        "std": 0.0041576090553542035
      },
      "recall@10%FPR": {
        "mean": 0.18695014662756598,
        "std": 0.017318199136389614
      },
      "precision@5%FPR": {
        "mean": 0.008417329413005308,
        "std": 0.00036743829949236807
      },
      "precision@10%FPR": {
        "mean": 0.007693644616493136,
        "std": 0.0007056868724495732
      }
    }
  }
}