{
  "IsolationForest": {
    "overall": {
      "auc_roc": {
        "mean": 0.7481380528255528,
        "std": 0.013980828620333893
      },
      "auc_pr": {
        "mean": 0.8151051754514015,
        "std": 0.009902372536495459
      },
      "recall@5%FPR": {
        "mean": 0.06534090909090909,
        "std": 0.01047675506510555
      },
      "recall@10%FPR": {
        "mean": 0.13636363636363638,
        "std": 0.017045454545454548
      },
      "precision@5%FPR": {
        "mean": 0.7693345759552657,
        "std": 0.020744996722154217
      },
      "precision@10%FPR": {
        "mean": 0.7743105446843982,
        "std": 0.025914119736731533
      }
    },
    "direct": {
      "auc_roc": {
        "mean": 0.7736256142506143,
        "std": 0.014090149624799557
      },
      "auc_pr": {
        "mean": 0.7083265298663161,
        "std": 0.014612357084800836
      },
      "recall@5%FPR": {
        "mean": 0.06818181818181819,
        "std": 0.011918282365569905
      },
      "recall@10%FPR": {
        "mean": 0.14204545454545456,
        "std": 0.02000774643370342
      },
      "precision@5%FPR": {
        "mean": 0.6348906687007374,
        "std": 0.031406012352772406
      },
      "precision@10%FPR": {
        "mean": 0.651942501942502,
        "std": 0.03166371118994439
      }
    },
    "decomposed": {
      "auc_roc": {
        "mean": 0.7226504914004914,
        "std": 0.016276239595901493
      },
      "auc_pr": {
        "mean": 0.6709866964635385,
        "std": 0.015217877945114118
      },
      "recall@5%FPR": {
        "mean": 0.0625,
        "std": 0.009507500301523584
      },
      "recall@10%FPR": {
        "mean": 0.13068181818181818,
        "std": 0.017604469755488256
      },
      "precision@5%FPR": {
        "mean": 0.6220915032679739,
        "std": 0.03986263739782072
      },
      "precision@10%FPR": {
        "mean": 0.6329761904761905,
        "std": 0.04530008284395222
      }
    },
    "auc_roc_delta": 0.050975122850122845
  },
  "LSTMAutoencoder": {
    "overall": {
      "auc_roc": {
        "mean": 0.7141699938574939,
        "std": 0.02602357665172661
      },
      "auc_pr": {
        "mean": 0.7925067175312648,
        "std": 0.018116956791920456
      },
      "recall@5%FPR": {
        "mean": 0.06590909090909092,
        "std": 0.016408555770674606
      },
      "recall@10%FPR": {
        "mean": 0.13920454545454547,
        "std": 0.022151805329111277
      },
      "precision@5%FPR": {
        "mean": 0.7725833706036287,
        "std": 0.030243951748714082
      },
      "precision@10%FPR": {
        "mean": 0.774352580857077,
        "std": 0.027760607658266486
      }
    },
    "direct": {
      "auc_roc": {
        "mean": 0.7177211302211303,
        "std": 0.022364878255726715
      },
      "auc_pr": {
        "mean": 0.6608299969361131,
        "std": 0.020831944691839095
      },
      "recall@5%FPR": {
        "mean": 0.0659090909090909,
        "std": 0.013252163397375682
      },
      "recall@10%FPR": {
        "mean": 0.14545454545454545,
        "std": 0.026062147593590268
      },
      "precision@5%FPR": {
        "mean": 0.6322833375774553,
        "std": 0.03778216945343772
      },
      "precision@10%FPR": {
        "mean": 0.6452326895670549,
        "std": 0.0387929190973371
      }
    },
    "decomposed": {
      "auc_roc": {
        "mean": 0.7106188574938576,
        "std": 0.029861386288143926
      },
      "auc_pr": {
        "mean": 0.6558238389845625,
        "std": 0.028038330927035202
      },
      "recall@5%FPR": {
        "mean": 0.0659090909090909,
        "std": 0.021440866209219554
      },
      "recall@10%FPR": {
        "mean": 0.13295454545454546,
        "std": 0.018533530034431922
      },
      "precision@5%FPR": {
        "mean": 0.6413009049773756,
        "std": 0.05721263192813903
      },
      "precision@10%FPR": {
        "mean": 0.633065583065583,
        "std": 0.048990664014911256
      }
    },
    "auc_roc_delta": 0.007102272727272707
  },
  "DeepClustering": {
    "overall": {
      "auc_roc": {
        "mean": 0.7421951781326781,
        "std": 0.0342110262683355
      },
      "auc_pr": {
        "mean": 0.823766196633277,
        "std": 0.02134122417474206
      },
      "recall@5%FPR": {
        "mean": 0.10284090909090908,
        "std": 0.02232600307316875
      },
      "recall@10%FPR": {
        "mean": 0.18409090909090908,
        "std": 0.033776963517504206
      },
      "precision@5%FPR": {
        "mean": 0.8530319022416288,
        "std": 0.02593281479802536
      },
      "precision@10%FPR": {
        "mean": 0.8199706305834908,
        "std": 0.030356746448366632
      }
    },
    "direct": {
      "auc_roc": {
        "mean": 0.7743320024570024,
        "std": 0.02943135923694822
      },
      "auc_pr": {
        "mean": 0.7243892693871393,
        "std": 0.029115115715458204
      },
      "recall@5%FPR": {
        "mean": 0.11590909090909092,
        "std": 0.03145080114340466
      },
      "recall@10%FPR": {
        "mean": 0.2011363636363636,
        "std": 0.037101881175714786
      },
      "precision@5%FPR": {
        "mean": 0.7825382700354891,
        "std": 0.041682995222321696
      },
      "precision@10%FPR": {
        "mean": 0.7172513160229491,
        "std": 0.0411651065868071
      }
    },
    "decomposed": {
      "auc_roc": {
        "mean": 0.7100583538083538,
        "std": 0.040121822048619464
      },
      "auc_pr": {
        "mean": 0.6777855558261641,
        "std": 0.032583055388511084
      },
      "recall@5%FPR": {
        "mean": 0.08977272727272727,
        "std": 0.015827713951345593
      },
      "recall@10%FPR": {
        "mean": 0.16704545454545455,
        "std": 0.033052362664202244
      },
      "precision@5%FPR": {
        "mean": 0.7278116883116883,
        "std": 0.02583285989515339
      },
      "precision@10%FPR": {
        "mean": 0.6769245647969052,
        "std": 0.0529538137990581
      }
    },
    "auc_roc_delta": 0.0642736486486486
  }
}