{
  "IsolationForest": {
    "ASI_DISTILL_COT": {
      "0.25": {
        "auc_roc_mean": 0.8004933504933505,
        "auc_roc_std": 0.01101754622102984
      },
      "0.5": {
        "auc_roc_mean": 0.8498069498069498,
        "auc_roc_std": 0.011495810757497608
      },
      "1.0": {
        "auc_roc_mean": 0.8946589446589446,
        "auc_roc_std": 0.01731448601366933
      },
      "2.0": {
        "auc_roc_mean": 0.9587945087945087,
        "auc_roc_std": 0.0060023277331248915
      }
    },
    "ASI_DISTILL_BROAD": {
      "0.25": {
        "auc_roc_mean": 0.7888030888030888,
        "auc_roc_std": 0.014646831094783192
      },
      "0.5": {
        "auc_roc_mean": 0.8350707850707852,
        "auc_roc_std": 0.013064348592227522
      },
      "1.0": {
        "auc_roc_mean": 0.9193479193479194,
        "auc_roc_std": 0.014078471200968687
      },
      "2.0": {
        "auc_roc_mean": 0.9648005148005148,
        "auc_roc_std": 0.0062564237684669
      }
    },
    "ASI_DISTILL_FOCUSED": {
      "0.25": {
        "auc_roc_mean": 0.9584727584727585,
        "auc_roc_std": 0.009170831183333663
      },
      "0.5": {
        "auc_roc_mean": 0.9791934791934791,
        "auc_roc_std": 0.004141576451702169
      },
      "1.0": {
        "auc_roc_mean": 0.9950664950664951,
        "auc_roc_std": 0.0012852125421660416
      },
      "2.0": {
        "auc_roc_mean": 0.9997640497640496,
        "auc_roc_std": 0.0003350600461564686
      }
    },
    "ASI_DISTILL_HYDRA": {
      "0.25": {
        "auc_roc_mean": 0.6778421278421279,
        "auc_roc_std": 0.009839085324617459
      },
      "0.5": {
        "auc_roc_mean": 0.6317031317031316,
        "auc_roc_std": 0.004633899720649088
      },
      "1.0": {
        "auc_roc_mean": 0.5191441441441442,
        "auc_roc_std": 0.03676661323220219
      },
      "2.0": {
        "auc_roc_mean": 0.8507936507936508,
        "auc_roc_std": 0.017860720723010315
      }
    }
  },
  "LSTMAutoencoder": {
    "ASI_DISTILL_COT": {
      "0.25": {
        "auc_roc_mean": 0.5464607464607465,
        "auc_roc_std": 0.05884688971810147
      },
      "0.5": {
        "auc_roc_mean": 0.7182968682968683,
        "auc_roc_std": 0.021832349846444048
      },
      "1.0": {
        "auc_roc_mean": 0.8791934791934792,
        "auc_roc_std": 0.018206709469539215
      },
      "2.0": {
        "auc_roc_mean": 0.9797297297297298,
        "auc_roc_std": 0.0028993256952557834
      }
    },
    "ASI_DISTILL_BROAD": {
      "0.25": {
        "auc_roc_mean": 0.508858858858859,
        "auc_roc_std": 0.1252919714554988
      },
      "0.5": {
        "auc_roc_mean": 0.7006220506220507,
        "auc_roc_std": 0.09941546015936129
      },
      "1.0": {
        "auc_roc_mean": 0.8746246246246245,
        "auc_roc_std": 0.06189221467469591
      },
      "2.0": {
        "auc_roc_mean": 0.9893178893178893,
        "auc_roc_std": 0.01030820277657468
      }
    },
    "ASI_DISTILL_FOCUSED": {
      "0.25": {
        "auc_roc_mean": 0.7288717288717288,
        "auc_roc_std": 0.05963800347831372
      },
      "0.5": {
        "auc_roc_mean": 0.9012655512655513,
        "auc_roc_std": 0.03419624554363017
      },
      "1.0": {
        "auc_roc_mean": 0.9903689403689404,
        "auc_roc_std": 0.00154291124052807
      },
      "2.0": {
        "auc_roc_mean": 1.0,
        "auc_roc_std": 0.0
      }
    },
    "ASI_DISTILL_HYDRA": {
      "0.25": {
        "auc_roc_mean": 0.36042471042471036,
        "auc_roc_std": 0.041088780057200604
      },
      "0.5": {
        "auc_roc_mean": 0.4022951522951523,
        "auc_roc_std": 0.014120078437389473
      },
      "1.0": {
        "auc_roc_mean": 0.5256435006435006,
        "auc_roc_std": 0.03150652212407188
      },
      "2.0": {
        "auc_roc_mean": 0.8136851136851136,
        "auc_roc_std": 0.045982932846254085
      }
    }
  },
  "DeepClustering": {
    "ASI_DISTILL_COT": {
      "0.25": {
        "auc_roc_mean": 0.6805877305877306,
        "auc_roc_std": 0.05639852308366444
      },
      "0.5": {
        "auc_roc_mean": 0.6619047619047619,
        "auc_roc_std": 0.04008460957356627
      },
      "1.0": {
        "auc_roc_mean": 0.6570141570141569,
        "auc_roc_std": 0.039460053190093936
      },
      "2.0": {
        "auc_roc_mean": 0.8836765336765338,
        "auc_roc_std": 0.04515056790850505
      }
    },
    "ASI_DISTILL_BROAD": {
      "0.25": {
        "auc_roc_mean": 0.7845345345345345,
        "auc_roc_std": 0.040565104155279905
      },
      "0.5": {
        "auc_roc_mean": 0.849077649077649,
        "auc_roc_std": 0.03891807150143829
      },
      "1.0": {
        "auc_roc_mean": 0.913985413985414,
        "auc_roc_std": 0.013260555234773333
      },
      "2.0": {
        "auc_roc_mean": 0.9812526812526812,
        "auc_roc_std": 0.011530339270043814
      }
    },
    "ASI_DISTILL_FOCUSED": {
      "0.25": {
        "auc_roc_mean": 0.7816173316173316,
        "auc_roc_std": 0.06477236662805956
      },
      "0.5": {
        "auc_roc_mean": 0.8197125697125698,
        "auc_roc_std": 0.06232477127716028
      },
      "1.0": {
        "auc_roc_mean": 0.8684041184041185,
        "auc_roc_std": 0.03430474777534823
      },
      "2.0": {
        "auc_roc_mean": 0.932003432003432,
        "auc_roc_std": 0.039717482036002526
      }
    },
    "ASI_DISTILL_HYDRA": {
      "0.25": {
        "auc_roc_mean": 0.6235306735306735,
        "auc_roc_std": 0.023535414739620345
      },
      "0.5": {
        "auc_roc_mean": 0.576040326040326,
        "auc_roc_std": 0.020052959561919374
      },
      "1.0": {
        "auc_roc_mean": 0.5201630201630202,
        "auc_roc_std": 0.0351394301150127
      },
      "2.0": {
        "auc_roc_mean": 0.8930501930501931,
        "auc_roc_std": 0.0221984820078922
      }
    }
  }
}