{
  "trail_to_trace": {
    "IsolationForest": {
      "source": {
        "auc_roc": {
          "mean": 0.5774305555555556,
          "std": 0.021144949580145907
        },
        "auc_pr": {
          "mean": 0.9820051822981958,
          "std": 0.0019111874816168774
        },
        "recall@5%FPR": {
          "mean": 0.2638888888888889,
          "std": 0.07893484576879345
        },
        "recall@10%FPR": {
          "mean": 0.2638888888888889,
          "std": 0.07893484576879345
        },
        "precision@5%FPR": {
          "mean": 1.0,
          "std": 0.0
        },
        "precision@10%FPR": {
          "mean": 1.0,
          "std": 0.0
        }
      },
      "target": {
        "auc_roc": {
          "mean": 0.46872265180123474,
          "std": 0.009397572028838903
        },
        "auc_pr": {
          "mean": 0.5003800048818623,
          "std": 0.005915328052747729
        },
        "recall@5%FPR": {
          "mean": 0.048507462686567165,
          "std": 0.0
        },
        "recall@10%FPR": {
          "mean": 0.08208955223880596,
          "std": 0.007079726104854583
        },
        "precision@5%FPR": {
          "mean": 0.5341818181818182,
          "std": 0.028363636363636365
        },
        "precision@10%FPR": {
          "mean": 0.4997163120567375,
          "std": 0.016664503657237404
        }
      },
      "auc_roc_drop": 0.10870790375432082
    },
    "DeepClustering": {
      "source": {
        "auc_roc": {
          "mean": 0.896875,
          "std": 0.021080707273139626
        },
        "auc_pr": {
          "mean": 0.9966526660925854,
          "std": 0.0008208791818636185
        },
        "recall@5%FPR": {
          "mean": 0.6763888888888888,
          "std": 0.06063577764706408
        },
        "recall@10%FPR": {
          "mean": 0.6763888888888888,
          "std": 0.06063577764706408
        },
        "precision@5%FPR": {
          "mean": 1.0,
          "std": 0.0
        },
        "precision@10%FPR": {
          "mean": 1.0,
          "std": 0.0
        }
      },
      "target": {
        "auc_roc": {
          "mean": 0.5132500149853143,
          "std": 0.009803664340366629
        },
        "auc_pr": {
          "mean": 0.51215405336426,
          "std": 0.008597384815591453
        },
        "recall@5%FPR": {
          "mean": 0.04402985074626865,
          "std": 0.004351456637944256
        },
        "recall@10%FPR": {
          "mean": 0.07835820895522387,
          "std": 0.013961408159604258
        },
        "precision@5%FPR": {
          "mean": 0.5127619047619048,
          "std": 0.030609781976470598
        },
        "precision@10%FPR": {
          "mean": 0.48336261509513784,
          "std": 0.03765973264361453
        }
      },
      "auc_roc_drop": 0.38362498501468567
    }
  },
  "trace_to_trail": {
    "IsolationForest": {
      "source": {
        "auc_roc": {
          "mean": 0.5005035065635678,
          "std": 0.0016195402360631127
        },
        "auc_pr": {
          "mean": 0.5163263155765568,
          "std": 0.001330967010317755
        },
        "recall@5%FPR": {
          "mean": 0.04552238805970149,
          "std": 0.004950186254261791
        },
        "recall@10%FPR": {
          "mean": 0.1164179104477612,
          "std": 0.006419645721673604
        },
        "precision@5%FPR": {
          "mean": 0.5069492246883551,
          "std": 0.0289016844371466
        },
        "precision@10%FPR": {
          "mean": 0.5668958757572942,
          "std": 0.012601105472889514
        }
      },
      "target": {
        "auc_roc": {
          "mean": 0.613888888888889,
          "std": 0.007017841295627695
        },
        "auc_pr": {
          "mean": 0.9857648246436206,
          "std": 0.00033638025605390416
        },
        "recall@5%FPR": {
          "mean": 0.4416666666666667,
          "std": 0.01944444444444445
        },
        "recall@10%FPR": {
          "mean": 0.4416666666666667,
          "std": 0.01944444444444445
        },
        "precision@5%FPR": {
          "mean": 1.0,
          "std": 0.0
        },
        "precision@10%FPR": {
          "mean": 1.0,
          "std": 0.0
        }
      },
      "auc_roc_drop": -0.11338538232532125
    },
    "DeepClustering": {
      "source": {
        "auc_roc": {
          "mean": 0.4956962177066475,
          "std": 0.002275941212936465
        },
        "auc_pr": {
          "mean": 0.5165125458552879,
          "std": 0.004713229282471263
        },
        "recall@5%FPR": {
          "mean": 0.04925373134328358,
          "std": 0.011657089068517396
        },
        "recall@10%FPR": {
          "mean": 0.10074626865671643,
          "std": 0.01668707445895366
        },
        "precision@5%FPR": {
          "mean": 0.5340575743874095,
          "std": 0.06241051392405248
        },
        "precision@10%FPR": {
          "mean": 0.5408876378137462,
          "std": 0.038154103740475065
        }
      },
      "target": {
        "auc_roc": {
          "mean": 0.6309027777777778,
          "std": 0.02957713810978731
        },
        "auc_pr": {
          "mean": 0.9857540702561624,
          "std": 0.0017874836727314123
        },
        "recall@5%FPR": {
          "mean": 0.35,
          "std": 0.05934961283117082
        },
        "recall@10%FPR": {
          "mean": 0.35,
          "std": 0.05934961283117082
        },
        "precision@5%FPR": {
          "mean": 1.0,
          "std": 0.0
        },
        "precision@10%FPR": {
          "mean": 1.0,
          "std": 0.0
        }
      },
      "auc_roc_drop": -0.1352065600711303
    }
  },
  "cert_to_trail": {
    "IsolationForest": {
      "source": {
        "auc_roc": {
          "mean": 0.7307753963240865,
          "std": 0.009162326415478705
        },
        "auc_pr": {
          "mean": 0.008206947415666997,
          "std": 0.00020277582841527915
        },
        "recall@5%FPR": {
          "mean": 0.08020527859237536,
          "std": 0.002805150508754982
        },
        "recall@10%FPR": {
          "mean": 0.1932551319648094,
          "std": 0.014045665706543167
        },
        "precision@5%FPR": {
          "mean": 0.006626502833146299,
          "std": 0.00022848047552635558
        },
        "precision@10%FPR": {
          "mean": 0.00796331552165703,
          "std": 0.0005738567738884674
        }
      },
      "target": {
        "auc_roc": {
          "mean": 0.7114583333333334,
          "std": 0.047372615904700904
        },
        "auc_pr": {
          "mean": 0.9900033899280141,
          "std": 0.0017817097343753089
        },
        "recall@5%FPR": {
          "mean": 0.5277777777777778,
          "std": 0.031974623425614836
        },
        "recall@10%FPR": {
          "mean": 0.5277777777777778,
          "std": 0.031974623425614836
        },
        "precision@5%FPR": {
          "mean": 1.0,
          "std": 0.0
        },
        "precision@10%FPR": {
          "mean": 1.0,
          "std": 0.0
        }
      },
      "auc_roc_drop": 0.019317062990753087
    },
    "DeepClustering": {
      "source": {
        "auc_roc": {
          "mean": 0.687905096870109,
          "std": 0.01849827399523744
        },
        "auc_pr": {
          "mean": 0.008103008176710941,
          "std": 0.00027669093820991883
        },
        "recall@5%FPR": {
          "mean": 0.10146627565982405,
          "std": 0.004239540262404975
        },
        "recall@10%FPR": {
          "mean": 0.1828445747800586,
          "std": 0.021657243915116434
        },
        "precision@5%FPR": {
          "mean": 0.008370027805408341,
          "std": 0.0003548314049926443
        },
        "precision@10%FPR": {
          "mean": 0.00753005343711251,
          "std": 0.0008810920290320885
        }
      },
      "target": {
        "auc_roc": {
          "mean": 0.6322916666666668,
          "std": 0.05028612192883814
        },