{
  "atlas_detection_matrix": {
    "IsolationForest": {
      "AML_T0044_REPLICATION": {
        "auc_roc": {
          "mean": 0.9930353430353431,
          "std": 0.0033619462845730333
        },
        "auc_pr": {
          "mean": 0.9172457081366939,
          "std": 0.04307261467868963
        },
        "recall@5%FPR": {
          "mean": 1.0,
          "std": 0.0
        },
        "recall@10%FPR": {
          "mean": 1.0,
          "std": 0.0
        },
        "precision@5%FPR": {
          "mean": 0.7647953216374269,
          "std": 0.08432772870652942
        },
        "precision@10%FPR": {
          "mean": 0.7647953216374269,
          "std": 0.08432772870652942
        }
      },
      "AML_T0048_EXTRACTION": {
        "auc_roc": {
          "mean": 0.9902286902286903,
          "std": 0.004967901515737447
        },
        "auc_pr": {
          "mean": 0.8899545063771666,
          "std": 0.05635314073739875
        },
        "recall@5%FPR": {
          "mean": 1.0,
          "std": 0.0
        },
        "recall@10%FPR": {
          "mean": 1.0,
          "std": 0.0
        },
        "precision@5%FPR": {
          "mean": 0.7420665634674922,
          "std": 0.050359881991067654
        },
        "precision@10%FPR": {
          "mean": 0.7420665634674922,
          "std": 0.050359881991067654
        }
      },
      "AML_T0043_ADVERSARIAL": {
        "auc_roc": {
          "mean": 0.9558212058212059,
          "std": 0.008942126057216851
        },
        "auc_pr": {
          "mean": 0.6603688755988776,
          "std": 0.05391010621577011
        },
        "recall@5%FPR": {
          "mean": 0.6461538461538462,
          "std": 0.11512791959304433
        },
        "recall@10%FPR": {
          "mean": 0.8769230769230768,
          "std": 0.07844645405527362
        },
        "precision@5%FPR": {
          "mean": 0.5790820943762119,
          "std": 0.041029331023543364
        },
        "precision@10%FPR": {
          "mean": 0.509095238095238,
          "std": 0.02139807353526032
        }
      },
      "AML_T0025_EXFILTRATION": {
        "auc_roc": {
          "mean": 0.9932432432432433,
          "std": 0.004243568396715505
        },
        "auc_pr": {
          "mean": 0.9205424117004999,
          "std": 0.05144121355124104
        },
        "recall@5%FPR": {
          "mean": 1.0,
          "std": 0.0
        },
        "recall@10%FPR": {
          "mean": 1.0,
          "std": 0.0
        },
        "precision@5%FPR": {
          "mean": 0.7507002801120448,
          "std": 0.08808176585785342
        },
        "precision@10%FPR": {
          "mean": 0.7507002801120448,
          "std": 0.08808176585785342
        }
      },
      "AML_T0042_VERIFY": {
        "auc_roc": {
          "mean": 0.9753378378378379,
          "std": 0.0071079882153421035
        },
        "auc_pr": {
          "mean": 0.7387789343390123,
          "std": 0.06166311723771469
        },
        "recall@5%FPR": {
          "mean": 0.9333333333333332,
          "std": 0.06236095644623235
        },
        "recall@10%FPR": {
          "mean": 0.9666666666666668,
          "std": 0.06666666666666665
        },
        "precision@5%FPR": {
          "mean": 0.6362831097351223,
          "std": 0.01909106473292234
        },
        "precision@10%FPR": {
          "mean": 0.6080257461836409,
          "std": 0.04367183187021884
        }
      }
    },
    "LSTMAutoencoder": {
      "AML_T0044_REPLICATION": {
        "auc_roc": {
          "mean": 0.9975051975051976,
          "std": 0.0011575393685717451
        },
        "auc_pr": {
          "mean": 0.9743165617558329,
          "std": 0.012250870389066361
        },
        "recall@5%FPR": {
          "mean": 1.0,
          "std": 0.0
        },
        "recall@10%FPR": {
          "mean": 1.0,
          "std": 0.0
        },
        "precision@5%FPR": {
          "mean": 0.8208897243107769,
          "std": 0.08063852180751774
        },
        "precision@10%FPR": {
          "mean": 0.8208897243107769,
          "std": 0.08063852180751774
        }
      },
      "AML_T0048_EXTRACTION": {
        "auc_roc": {
          "mean": 0.9903326403326403,
          "std": 0.005670761620368352
        },
        "auc_pr": {
          "mean": 0.906076851012247,
          "std": 0.04434752847332909
        },
        "recall@5%FPR": {
          "mean": 0.9538461538461538,
          "std": 0.06153846153846154
        },
        "recall@10%FPR": {
          "mean": 1.0,
          "std": 0.0
        },
        "precision@5%FPR": {
          "mean": 0.7360053319573444,
          "std": 0.09157526292703948
        },
        "precision@10%FPR": {
          "mean": 0.6973212560386474,
          "std": 0.1352466843948675
        }
      },
      "AML_T0043_ADVERSARIAL": {
        "auc_roc": {
          "mean": 0.9313929313929314,
          "std": 0.010539535846683207
        },
        "auc_pr": {
          "mean": 0.5919114289129979,
          "std": 0.05068078969951261
        },
        "recall@5%FPR": {
          "mean": 0.4461538461538462,
          "std": 0.05756395979652216
        },
        "recall@10%FPR": {
          "mean": 0.6153846153846153,
          "std": 0.13760418323075627
        },
        "precision@5%FPR": {
          "mean": 0.7312409812409812,
          "std": 0.1501584971927197
        },
        "precision@10%FPR": {
          "mean": 0.3734848484848485,
          "std": 0.05158195312287638
        }
      },
      "AML_T0025_EXFILTRATION": {
        "auc_roc": {
          "mean": 0.9954954954954955,
          "std": 0.0031248731814215434
        },
        "auc_pr": {
          "mean": 0.9479842672305907,
          "std": 0.03668405115454709
        },
        "recall@5%FPR": {
          "mean": 1.0,
          "std": 0.0
        },
        "recall@10%FPR": {
          "mean": 1.0,
          "std": 0.0
        },
        "precision@5%FPR": {
          "mean": 0.8226050420168068,
          "std": 0.10204753596969429
        },
        "precision@10%FPR": {
          "mean": 0.8226050420168068,
          "std": 0.10204753596969429
        }
      },
      "AML_T0042_VERIFY": {
        "auc_roc": {
          "mean": 0.9635135135135136,
          "std": 0.013491912164553164
        },
        "auc_pr": {
          "mean": 0.6719269317197785,
          "std": 0.11658157994075025
        },
        "recall@5%FPR": {
          "mean": 0.7,
          "std": 0.11303883305208778
        },
        "recall@10%FPR": {
          "mean": 0.9,
          "std": 0.13333333333333333
        },
        "precision@5%FPR": {
          "mean": 0.6086446886446886,
          "std": 0.07860829757345157
        },
        "precision@10%FPR": {
          "mean": 0.4630995670995671,
          "std": 0.044340143351571645
        }
      }
    },
    "DeepClustering": {
      "AML_T0044_REPLICATION": {
        "auc_roc": {
          "mean": 0.9093555093555092,
          "std": 0.02386917126523466
        },
        "auc_pr": {
          "mean": 0.46168418099643177,
          "std": 0.09771259183063842
        },
        "recall@5%FPR": {
          "mean": 0.2923076923076923,
          "std": 0.13234346564680965
        },
        "recall@10%FPR": {
          "mean": 0.5846153846153846,
          "std": 0.18589301497837804
        },
        "precision@5%FPR": {
          "mean": 0.6199999999999999,
          "std": 0.24819347291981714
        },
        "precision@10%FPR": {
          "mean": 0.4072049689440994,
          "std": 0.08873343702057021
        }
      },
      "AML_T0048_EXTRACTION": {
        "auc_roc": {
          "mean": 0.8796257796257796,
          "std": 0.041106450540260284
        },
        "auc_pr": {
          "mean": 0.37113188494865723,
          "std": 0.16701092100282838
        },
        "recall@5%FPR": {
          "mean": 0.24615384615384617,
          "std": 0.21973625933978003
        },
        "recall@10%FPR": {
          "mean": 0.4153846153846154,