{
  "atbench_within": {
    "IsolationForest": {
      "auc_roc": {
        "mean": 0.8375600000000001,
        "std": 0.0003415166174580491
      },
      "auc_pr": {
        "mean": 0.7725135272098544,
        "std": 0.0015898798585287255
      },
      "recall@5%FPR": {
        "mean": 0.46959999999999996,
        "std": 0.00966643677887564
      },
      "recall@10%FPR": {
        "mean": 0.5928,
        "std": 0.0016000000000000014
      },
      "precision@5%FPR": {
        "mean": 0.9130479281860715,
        "std": 0.0054227240951295165
      },
      "precision@10%FPR": {
        "mean": 0.855657431399907,
        "std": 0.0003322038402763905
      }
    },
    "DeepClustering": {
      "auc_roc": {
        "mean": 0.8904880000000001,
        "std": 0.05493294052933992
      },
      "auc_pr": {
        "mean": 0.8799398031524797,
        "std": 0.07092545943430084
      },
      "recall@5%FPR": {
        "mean": 0.4888,
        "std": 0.15842020073210358
      },
      "recall@10%FPR": {
        "mean": 0.5112,
        "std": 0.1696
      },
      "precision@5%FPR": {
        "mean": 0.9277713135910808,
        "std": 0.016150189860731894
      },
      "precision@10%FPR": {
        "mean": 0.8377400050929463,
        "std": 0.09320007950394928
      }
    }
  },
  "trail_to_atbench": {
    "IsolationForest": {
      "auc_roc": {
        "mean": 0.8784240000000001,
        "std": 0.002154630362730469
      },
      "auc_pr": {
        "mean": 0.8313233481904337,
        "std": 0.0023858830381147033
      },
      "recall@5%FPR": {
        "mean": 0.0,
        "std": 0.0
      },
      "recall@10%FPR": {
        "mean": 0.0,
        "std": 0.0
      },
      "precision@5%FPR": {
        "mean": 0.0,
        "std": 0.0
      },
      "precision@10%FPR": {
        "mean": 0.0,
        "std": 0.0
      }
    },
    "DeepClustering": {
      "auc_roc": {
        "mean": 0.7373999999999999,
        "std": 0.13127393429009435
      },
      "auc_pr": {
        "mean": 0.6562228454486323,
        "std": 0.10830944509423411
      },
      "recall@5%FPR": {
        "mean": 0.18000000000000002,
        "std": 0.1533205791797044
      },
      "recall@10%FPR": {
        "mean": 0.18080000000000002,
        "std": 0.15307828062791926
      },
      "precision@5%FPR": {
        "mean": 0.701138938580799,
        "std": 0.2334942585989468
      },
      "precision@10%FPR": {
        "mean": 0.6145341640449901,
        "std": 0.28753958337564717
      }
    }
  },
  "atbench_to_trail": {
    "IsolationForest": {
      "auc_roc": {
        "mean": 0.7743055555555556,
        "std": 0.009021097956087909
      },
      "auc_pr": {
        "mean": 0.9923160334940107,
        "std": 0.00037530494018268076
      },
      "recall@5%FPR": {
        "mean": 0.5125,
        "std": 0.016077551253875316
      },
      "recall@10%FPR": {
        "mean": 0.5125,
        "std": 0.016077551253875316
      },
      "precision@5%FPR": {
        "mean": 1.0,
        "std": 0.0
      },
      "precision@10%FPR": {
        "mean": 1.0,
        "std": 0.0
      }
    },
    "DeepClustering": {
      "auc_roc": {
        "mean": 0.7340277777777778,
        "std": 0.04957380082659651
      },
      "auc_pr": {
        "mean": 0.9911709936374808,
        "std": 0.0020210405377449558
      },
      "recall@5%FPR": {
        "mean": 0.5777777777777777,
        "std": 0.08150778195067339
      },
      "recall@10%FPR": {
        "mean": 0.5777777777777777,
        "std": 0.08150778195067339
      },
      "precision@5%FPR": {
        "mean": 1.0,
        "std": 0.0
      },
      "precision@10%FPR": {
        "mean": 1.0,
        "std": 0.0
      }
    }
  },
  "per_risk_category": {
    "ASI01": {
      "auc_roc": 0.8444918032786884,
      "auc_pr": 0.5103963086907554,
      "n_samples": 61
    },
    "ASI02": {
      "auc_roc": 0.8596896551724138,
      "auc_pr": 0.5644148000710381,
      "n_samples": 58
    },
    "ASI04": {
      "auc_roc": 0.7763448275862069,
      "auc_pr": 0.33734296086797666,
      "n_samples": 29
    },
    "ASI05": {
      "auc_roc": 0.8776666666666667,
      "auc_pr": 0.3821939879718956,
      "n_samples": 30
    },
    "ASI06": {
      "auc_roc": 0.8635813953488372,
      "auc_pr": 0.47243349100011345,
      "n_samples": 43
    },
    "ASI10": {
      "auc_roc": 0.764551724137931,
      "auc_pr": 0.30832241962330303,
      "n_samples": 29
    }
  }
}