{
  "IsolationForest": {
    "per_category": {
      "ASI01": {
        "auc_roc": {
          "mean": 0.6423423423423423,
          "std": 0.033537238526593224,
          "ci_95": [
            0.6136036036036037,
            0.6719819819819819
          ]
        },
        "auc_pr": {
          "mean": 0.2193727349828392,
          "std": 0.03155390680297941,
          "ci_95": [
            0.1954119222155814,
            0.25362302967465533
          ]
        },
        "recall@5%FPR": {
          "mean": 0.04,
          "std": 0.038873012632302,
          "ci_95": [
            0.013333333333333332,
            0.08
          ]
        },
        "recall@10%FPR": {
          "mean": 0.10666666666666666,
          "std": 0.03887301263230201,
          "ci_95": [
            0.05333333333333333,
            0.13333333333333333
          ]
        },
        "precision@5%FPR": {
          "mean": 0.259047619047619,
          "std": 0.2579106702565823,
          "ci_95": [
            0.08,
            0.5255153339657269
          ]
        },
        "precision@10%FPR": {
          "mean": 0.20705882352941174,
          "std": 0.0526042697225749,
          "ci_95": [
            0.14666666666666667,
            0.2407843137254902
          ]
        }
      },
      "ASI02": {
        "auc_roc": {
          "mean": 0.5199549549549549,
          "std": 0.025474396770812507,
          "ci_95": [
            0.4854504504504503,
            0.5352702702702703
          ]
        },
        "auc_pr": {
          "mean": 0.17190161963007905,
          "std": 0.015017608186142086,
          "ci_95": [
            0.15792929836304054,
            0.18425451787745165
          ]
        },
        "recall@5%FPR": {
          "mean": 0.013333333333333332,
          "std": 0.016329931618554522,
          "ci_95": [
            0.0,
            0.026666666666666665
          ]
        },
        "recall@10%FPR": {
          "mean": 0.08666666666666667,
          "std": 0.0541602560309064,
          "ci_95": [
            0.03333333333333334,
            0.13333333333333333
          ]
        },
        "precision@5%FPR": {
          "mean": 0.05833333333333333,
          "std": 0.0726483157256779,
          "ci_95": [
            0.0,
            0.125
          ]
        },
        "precision@10%FPR": {
          "mean": 0.1819607843137255,
          "std": 0.10649351574897993,
          "ci_95": [
            0.07529411764705882,
            0.27058823529411763
          ]
        }
      },
      "ASI05": {
        "auc_roc": {
          "mean": 0.9203153153153153,
          "std": 0.009590892996573147,
          "ci_95": [
            0.9090540540540542,
            0.9272522522522524
          ]
        },
        "auc_pr": {
          "mean": 0.6601344315349605,
          "std": 0.06689851433388595,
          "ci_95": [
            0.5804311522681549,
            0.7037729511471678
          ]
        },
        "recall@5%FPR": {
          "mean": 0.5,
          "std": 0.0816496580927726,
          "ci_95": [
            0.4199868516884413,
            0.56
          ]
        },
        "recall@10%FPR": {
          "mean": 0.5933333333333333,
          "std": 0.0573488351136175,
          "ci_95": [
            0.5333333333333333,
            0.6333333333333333
          ]
        },
        "precision@5%FPR": {
          "mean": 0.6967460317460318,
          "std": 0.04609082142468187,
          "ci_95": [
            0.6466666666666667,
            0.7261904761904762
          ]
        },
        "precision@10%FPR": {
          "mean": 0.6364608294930875,
          "std": 0.05279287612895807,
          "ci_95": [
            0.5642857142857143,
            0.6657788018433181
          ]
        }
      },
      "ASI09": {
        "auc_roc": {
          "mean": 0.8579217148182664,
          "std": 0.018686682625755242,
          "ci_95": [
            0.8428238583410999,
            0.8757222739981361
          ]
        },
        "auc_pr": {
          "mean": 0.41712801330786614,
          "std": 0.06253771016543241,
          "ci_95": [
            0.3686231828016865,
            0.4789208142455048
          ]
        },
        "recall@5%FPR": {
          "mean": 0.14482758620689656,
          "std": 0.10088785405743306,
          "ci_95": [
            0.06896551724137931,
            0.2482758620689655
          ]
        },
        "recall@10%FPR": {
          "mean": 0.29655172413793107,
          "std": 0.07741360110566775,
          "ci_95": [
            0.2206896551724138,
            0.3586206896551724
          ]
        },
        "precision@5%FPR": {
          "mean": 0.3577380952380952,
          "std": 0.15526931471061162,
          "ci_95": [
            0.22380952380952382,
            0.4916666666666666
          ]
        },
        "precision@10%FPR": {
          "mean": 0.39222222222222225,
          "std": 0.07441956466506823,
          "ci_95": [
            0.3333333333333333,
            0.4533333333333333
          ]
        }
      },
      "ASI10": {
        "auc_roc": {
          "mean": 0.7286579683131407,
          "std": 0.02055857573008508,
          "ci_95": [
            0.7105312208760484,
            0.7458993476234854
          ]
        },
        "auc_pr": {
          "mean": 0.249756854535843,
          "std": 0.014638252822631584,
          "ci_95": [
            0.23652113572989272,
            0.2619024024204768
          ]
        },
        "recall@5%FPR": {
          "mean": 0.04827586206896552,
          "std": 0.027586206896551724,
          "ci_95": [
            0.034482758620689655,
            0.07586206896551724
          ]
        },
        "recall@10%FPR": {
          "mean": 0.09655172413793103,
          "std": 0.0402134613437607,
          "ci_95": [
            0.06896551724137931,
            0.14482758620689656
          ]
        },
        "precision@5%FPR": {
          "mean": 0.2869047619047619,
          "std": 0.13905658809951274,
          "ci_95": [
            0.1738095238095238,
            0.39999999999999997
          ]
        },
        "precision@10%FPR": {
          "mean": 0.1920278251160604,
          "std": 0.05370785003261118,
          "ci_95": [
            0.1583791208791209,
            0.2638655462184874
          ]
        }
      }
    },
    "wilcoxon_tier_tests": {
      "ASI05_vs_ASI09": {
        "statistic": 15.0,
        "p_value": 0.03125
      },
      "ASI09_vs_ASI01": {
        "statistic": 15.0,
        "p_value": 0.03125
      },
      "ASI01_vs_ASI02": {
        "statistic": 15.0,
        "p_value": 0.03125
      }
    }
  },
  "LSTMAutoencoder": {
    "per_category": {
      "ASI01": {
        "auc_roc": {
          "mean": 0.636891891891892,
          "std": 0.031226776940385184,
          "ci_95": [
            0.6120270270270269,
            0.6668918918918919
          ]
        },
        "auc_pr": {
          "mean": 0.20641126650645183,
          "std": 0.016486606427904664,
          "ci_95": [
            0.1927282580988286,
            0.22064197282691497
          ]
        },
        "recall@5%FPR": {
          "mean": 0.05333333333333333,
          "std": 0.04,
          "ci_95": [
            0.02,
            0.08666666666666667
          ]
        },
        "recall@10%FPR": {
          "mean": 0.09333333333333334,
          "std": 0.032659863237109045,
          "ci_95": [
            0.06,
            0.11333333333333334
          ]
        },
        "precision@5%FPR": {
          "mean": 0.22666666666666666,
          "std": 0.12892719737209143,
          "ci_95": [
            0.06666666666666667,
            0.31999999999999995
          ]
        },
        "precision@10%FPR": {
          "mean": 0.2687121212121212,
          "std": 0.049227037223011284,
          "ci_95": [
            0.21799469098064114,
            0.30787878787878786
          ]
        }
      },