{
  "IsolationForest": {
    "overall": {
      "auc_roc": 0.7469433719433719,
      "auc_pr": 0.5092530741128725,
      "recall@5%FPR": 0.15873015873015872,
      "recall@10%FPR": 0.23809523809523808,
      "precision@5%FPR": 0.5882352941176471,
      "precision@10%FPR": 0.5357142857142857
    },
    "per_category": {
      "ASI01": {
        "auc_roc": 0.6626819126819128,
        "auc_pr": 0.10734703873909665,
        "recall@10%FPR": 0.07692307692307693,
        "n_samples": 13
      },
      "ASI02": {
        "auc_roc": 0.5678274428274428,
        "auc_pr": 0.10254035091887342,
        "recall@10%FPR": 0.15384615384615385,
        "n_samples": 13
      },
      "ASI05": {
        "auc_roc": 0.9443866943866943,
        "auc_pr": 0.5389143156804812,
        "recall@10%FPR": 0.7692307692307693,
        "n_samples": 13
      },
      "ASI09": {
        "auc_roc": 0.8440315315315315,
        "auc_pr": 0.18519545187914938,
        "recall@10%FPR": 0.16666666666666666,
        "n_samples": 12
      },
      "ASI10": {
        "auc_roc": 0.7212837837837838,
        "auc_pr": 0.11395841186725839,
        "recall@10%FPR": 0.0,
        "n_samples": 12
      }
    },
    "blind_spots": [
      "ASI03",
      "ASI04",
      "ASI06",
      "ASI07",
      "ASI08"
    ]
  },
  "DeepClustering": {
    "overall": {
      "auc_roc": 0.7349313599313599,
      "auc_pr": 0.5627313453779168,
      "recall@5%FPR": 0.25396825396825395,
      "recall@10%FPR": 0.3968253968253968,
      "precision@5%FPR": 0.6956521739130435,
      "precision@10%FPR": 0.6410256410256411
    },
    "per_category": {
      "ASI01": {
        "auc_roc": 0.5545738045738046,
        "auc_pr": 0.09055642444000807,
        "recall@10%FPR": 0.15384615384615385,
        "n_samples": 13
      },
      "ASI02": {
        "auc_roc": 0.5932952182952184,
        "auc_pr": 0.1554125083909723,
        "recall@10%FPR": 0.15384615384615385,
        "n_samples": 13
      },
      "ASI05": {
        "auc_roc": 0.9688149688149689,
        "auc_pr": 0.6906146902189547,
        "recall@10%FPR": 0.9230769230769231,
        "n_samples": 13
      },
      "ASI09": {
        "auc_roc": 0.8243243243243242,
        "auc_pr": 0.24413745855837363,
        "recall@10%FPR": 0.5,
        "n_samples": 12
      },
      "ASI10": {
        "auc_roc": 0.7409909909909909,
        "auc_pr": 0.13328374173605068,
        "recall@10%FPR": 0.25,
        "n_samples": 12
      }
    },
    "blind_spots": [
      "ASI03",
      "ASI04",
      "ASI06",
      "ASI07",
      "ASI08"
    ]
  }
}