{
  "IsolationForest": {
    "per_category": {
      "ASI_DISTILL_COT": {
        "auc_roc": {
          "mean": 0.9094594594594593,
          "std": 0.028843859360713427
        },
        "auc_pr": {
          "mean": 0.4156922229007913,
          "std": 0.1465145087901634
        },
        "recall@5%FPR": {
          "mean": 0.5230769230769231,
          "std": 0.15689290811054724
        },
        "recall@10%FPR": {
          "mean": 0.6153846153846154,
          "std": 0.17541160386140583
        },
        "precision@5%FPR": {
          "mean": 0.5119327731092437,
          "std": 0.0665966254009477
        },
        "precision@10%FPR": {
          "mean": 0.47009803921568627,
          "std": 0.08208991609972273
        }
      },
      "ASI_DISTILL_BROAD": {
        "auc_roc": {
          "mean": 0.9017671517671518,
          "std": 0.022340809692087196
        },
        "auc_pr": {
          "mean": 0.4270658715129347,
          "std": 0.05601954512415247
        },
        "recall@5%FPR": {
          "mean": 0.4153846153846154,
          "std": 0.061538461538461535
        },
        "recall@10%FPR": {
          "mean": 0.5538461538461539,
          "std": 0.07536891516255934
        },
        "precision@5%FPR": {
          "mean": 0.4709090909090909,
          "std": 0.039584620103776794
        },
        "precision@10%FPR": {
          "mean": 0.3448029163818638,
          "std": 0.031193789231837226
        }
      },
      "ASI_DISTILL_FOCUSED": {
        "auc_roc": {
          "mean": 0.9945945945945945,
          "std": 0.0029511579140495472
        },
        "auc_pr": {
          "mean": 0.9346324176075308,
          "std": 0.04443634817655146
        },
        "recall@5%FPR": {
          "mean": 1.0,
          "std": 0.0
        },
        "recall@10%FPR": {
          "mean": 1.0,
          "std": 0.0
        },
        "precision@5%FPR": {
          "mean": 0.8065522875816994,
          "std": 0.056790023741245706
        },
        "precision@10%FPR": {
          "mean": 0.8065522875816994,
          "std": 0.056790023741245706
        }
      },
      "ASI_DISTILL_HYDRA": {
        "auc_roc": {
          "mean": 0.5381756756756756,
          "std": 0.06994992962696228
        },
        "auc_pr": {
          "mean": 0.10456077944191904,
          "std": 0.035463795202384324
        },
        "recall@5%FPR": {
          "mean": 0.1,
          "std": 0.0816496580927726
        },
        "recall@10%FPR": {
          "mean": 0.13333333333333333,
          "std": 0.08498365855987976
        },
        "precision@5%FPR": {
          "mean": 0.1388888888888889,
          "std": 0.1138550085106622
        },
        "precision@10%FPR": {
          "mean": 0.15777777777777777,
          "std": 0.1042669887273609
        }
      },
      "ASI02": {
        "auc_roc": {
          "mean": 0.49718468468468463,
          "std": 0.046975794898942026
        },
        "auc_pr": {
          "mean": 0.08951004910952567,
          "std": 0.030326645973580424
        },
        "recall@5%FPR": {
          "mean": 0.05,
          "std": 0.0408248290463863
        },
        "recall@10%FPR": {
          "mean": 0.08333333333333333,
          "std": 0.09128709291752769
        },
        "precision@5%FPR": {
          "mean": 0.2,
          "std": 0.19436506316151
        },
        "precision@10%FPR": {
          "mean": 0.08952380952380952,
          "std": 0.08725597654130558
        }
      }
    }
  },
  "LSTMAutoencoder": {
    "per_category": {
      "ASI_DISTILL_COT": {
        "auc_roc": {
          "mean": 0.8046777546777546,
          "std": 0.062407646333680525
        },
        "auc_pr": {
          "mean": 0.3656457482489999,
          "std": 0.12598015498182003
        },
        "recall@5%FPR": {
          "mean": 0.26153846153846155,
          "std": 0.15073783032511867
        },
        "recall@10%FPR": {
          "mean": 0.4461538461538462,
          "std": 0.10204999354939694
        },
        "precision@5%FPR": {
          "mean": 0.4881385281385281,
          "std": 0.27358452504591013
        },
        "precision@10%FPR": {
          "mean": 0.358259284575074,
          "std": 0.09999933292692056
        }
      },
      "ASI_DISTILL_BROAD": {
        "auc_roc": {
          "mean": 0.9132016632016633,
          "std": 0.04485660782709183
        },
        "auc_pr": {
          "mean": 0.45832436225653145,
          "std": 0.12813945929693837
        },
        "recall@5%FPR": {
          "mean": 0.27692307692307694,
          "std": 0.10434353820192721
        },
        "recall@10%FPR": {
          "mean": 0.6923076923076923,
          "std": 0.3335305136719815
        },
        "precision@5%FPR": {
          "mean": 0.5753968253968254,
          "std": 0.24177057478933045
        },
        "precision@10%FPR": {
          "mean": 0.4311818181818182,
          "std": 0.12664804850845873
        }
      },
      "ASI_DISTILL_FOCUSED": {
        "auc_roc": {
          "mean": 0.9990644490644491,
          "std": 0.0011575393685717532
        },
        "auc_pr": {
          "mean": 0.9880105364720748,
          "std": 0.014906835288859336
        },
        "recall@5%FPR": {
          "mean": 1.0,
          "std": 0.0
        },
        "recall@10%FPR": {
          "mean": 1.0,
          "std": 0.0
        },
        "precision@5%FPR": {
          "mean": 0.9714285714285715,
          "std": 0.03499271061118824
        },
        "precision@10%FPR": {
          "mean": 0.9714285714285715,
          "std": 0.03499271061118824
        }
      },
      "ASI_DISTILL_HYDRA": {
        "auc_roc": {
          "mean": 0.5381756756756757,
          "std": 0.07456740892742501
        },
        "auc_pr": {
          "mean": 0.0890950142691962,
          "std": 0.01472187367688463
        },
        "recall@5%FPR": {
          "mean": 0.05,
          "std": 0.0408248290463863
        },
        "recall@10%FPR": {
          "mean": 0.11666666666666667,
          "std": 0.0408248290463863
        },
        "precision@5%FPR": {
          "mean": 0.09,
          "std": 0.07842193570679061
        },
        "precision@10%FPR": {
          "mean": 0.125,
          "std": 0.044095855184409845
        }
      },
      "ASI02": {
        "auc_roc": {
          "mean": 0.5001126126126125,
          "std": 0.06729995803802175
        },
        "auc_pr": {
          "mean": 0.09012746874689762,
          "std": 0.03592294605088693
        },
        "recall@5%FPR": {
          "mean": 0.016666666666666666,
          "std": 0.03333333333333333
        },
        "recall@10%FPR": {
          "mean": 0.08333333333333333,
          "std": 0.05270462766947299
        },
        "precision@5%FPR": {
          "mean": 0.1,
          "std": 0.20000000000000004
        },
        "precision@10%FPR": {
          "mean": 0.075,
          "std": 0.04216370213557839
        }
      }
    }
  },
  "DeepClustering": {
    "per_category": {
      "ASI_DISTILL_COT": {
        "auc_roc": {
          "mean": 0.5441787941787941,
          "std": 0.12004909431512041
        },
        "auc_pr": {
          "mean": 0.14795338185074333,
          "std": 0.06457459135495577
        },
        "recall@5%FPR": {
          "mean": 0.09230769230769231,
          "std": 0.05756395979652218
        },
        "recall@10%FPR": {
          "mean": 0.18461538461538463,
          "std": 0.12498520622516864
        },
        "precision@5%FPR": {
          "mean": 0.4833333333333333,
          "std": 0.3431876713662333
        },
        "precision@10%FPR": {
          "mean": 0.2446428571428571,
          "std": 0.16126888435536624
        }
      },
      "ASI_DISTILL_BROAD": {
        "auc_roc": {
          "mean": 0.9075883575883574,
          "std": 0.012195433992567567
        },
        "auc_pr": {
          "mean": 0.3845705786536417,
          "std": 0.0697750185343668
        },
        "recall@5%FPR": {
          "mean": 0.4769230769230769,